{
  "total_frames": 3322,
  "total_distance": 2933.9999999999995,
  "feature_detector": "SIFT",
  "max_features": 2000,
  "match_ratio": 0.7,
  "ransac_threshold": 1.0,
  "camera_matrix": [
    [
      1413.300048828125,
      0.0,
      950.0639038085938
    ],
    [
      0.0,
      1418.800048828125,
      543.3795776367188
    ],
    [
      0.0,
      0.0,
      1.0
    ]
  ],
  "trajectory_bounds": {
    "x_min": -18.11134219736902,
    "x_max": 46.74422522401093,
    "y_min": -19.629262526973136,
    "y_max": 51.92347681999189,
    "z_min": -9.547494011059733,
    "z_max": 61.57337455047273
  }
}