{
  "total_frames": 3322,
  "total_distance": 2933.9999999999995,
  "feature_detector": "SIFT",
  "max_features": 2000,
  "match_ratio": 0.7,
  "ransac_threshold": 1.0,
  "camera_matrix": [
    [
      800.0,
      0.0,
      320.0
    ],
    [
      0.0,
      800.0,
      240.0
    ],
    [
      0.0,
      0.0,
      1.0
    ]
  ],
  "trajectory_bounds": {
    "x_min": -77.98972162323498,
    "x_max": 59.11498766295077,
    "y_min": -113.86238440838801,
    "y_max": 37.0727249437553,
    "z_min": -155.69211787233613,
    "z_max": 22.195299808772305
  }
}